"elapsedSec","cpuPct","workingSetMB","privateMB","handles","threads","responding"
"1","0","336.812","289.656","724","20","True"
"2","0","336.812","289.656","724","20","True"
"3","0","336.812","289.656","724","20","True"
"4","0","336.812","289.656","724","20","True"
"5","0","336.812","289.656","724","20","True"
"6","0","336.812","289.656","724","20","True"
"7","0","336.812","289.656","724","20","True"
"8","0","336.812","289.656","724","20","True"
"9","0","336.812","289.656","724","20","True"
"10","0","336.812","289.656","724","20","True"
"11","0","336.812","289.656","724","20","True"
"12","0","336.812","289.656","724","20","True"
"13","0","336.812","289.656","724","20","True"
"14","0","336.812","289.656","724","20","True"
"15","0","336.812","289.656","724","20","True"
"16","0","336.812","289.656","724","20","True"
"17","0","336.812","289.656","724","20","True"
"18","0","336.812","289.656","724","20","True"
"19","0","336.812","289.656","724","20","True"
"20","0","336.812","289.656","724","20","True"
"21","0","336.812","289.656","724","20","True"
"22","0","336.812","289.656","724","20","True"
"23","0","336.812","289.656","724","20","True"
"24","0","336.812","289.656","724","20","True"
"25","0.3857","337.461","290.301","724","20","True"
"26","0.1299","337.109","289.953","724","20","True"
"27","0","337.016","289.859","724","20","True"
"28","0","336.754","289.598","724","20","True"
"29","0","336.754","289.598","724","20","True"
"30","0","336.773","289.59","720","18","True"
"31","0","336.734","289.551","720","18","True"
"32","0","336.734","289.551","720","18","True"
"33","0","336.805","289.621","722","18","True"
"34","0","336.746","289.562","722","18","True"
"35","0","336.746","289.562","722","18","True"
"36","0","336.746","289.562","722","18","True"
"37","0","336.746","289.562","722","18","True"
"38","0","336.746","289.562","722","18","True"
"39","0","336.766","289.594","722","19","True"
"40","0","336.766","289.594","722","19","True"
"41","0","336.766","289.594","722","19","True"
"42","0","336.766","289.594","722","19","True"
"43","0","336.766","289.594","722","19","True"
"44","0","336.766","289.594","722","19","True"
"45","0","336.75","289.562","722","18","True"
"46","0","336.75","289.562","722","18","True"
"47","0","336.75","289.562","722","18","True"
"48","0","336.75","289.562","722","18","True"
"49","0","336.75","289.562","722","18","True"
"50","0","336.75","289.562","722","18","True"
"51","0","336.75","289.562","722","18","True"
"52","0","336.75","289.562","722","18","True"
"53","0","336.75","289.562","722","18","True"
"54","0","336.75","289.562","722","18","True"
"55","0","336.75","289.562","722","18","True"
"56","0","336.75","289.562","722","18","True"
"57","0","336.75","289.562","722","18","True"
"58","0","336.75","289.562","722","18","True"
"59","0","336.75","289.562","722","18","True"
"60","0","336.75","289.562","722","18","True"
"61","0","336.75","289.562","722","18","True"
"62","0","336.758","289.57","722","18","True"
"63","0","336.75","289.562","722","18","True"
"64","0","336.75","289.562","722","18","True"
"65","0","336.75","289.562","722","18","True"
"66","0","336.754","289.566","722","18","True"
"67","0","336.75","289.562","722","18","True"
"68","0","336.758","289.57","722","18","True"
"69","0","336.75","289.562","722","18","True"
"70","0","336.75","289.562","722","18","True"
"71","0","336.75","289.562","722","18","True"
"72","0","336.75","289.562","722","18","True"
"73","0","336.75","289.562","722","18","True"
"74","0","336.75","289.562","722","18","True"
"75","0","336.75","289.562","722","18","True"
"76","0","336.75","289.562","722","18","True"
"77","0","336.75","289.562","722","18","True"
"78","0","336.75","289.562","722","18","True"
"79","0","336.75","289.562","722","18","True"
"80","0","336.75","289.562","722","18","True"
"81","0","336.75","289.562","722","18","True"
"82","0","336.758","289.562","716","18","True"
"83","0","336.684","289.488","716","18","True"
"84","0","336.684","289.488","716","18","True"
"85","0","336.684","289.488","716","18","True"
"86","0","336.684","289.488","716","18","True"
"87","0.2588","337.043","289.848","716","18","True"
"88","0","336.723","289.527","716","18","True"
"89","0","336.723","289.527","716","18","True"
"90","0","336.93","289.734","716","18","True"
"91","0","336.664","289.469","716","18","True"
"92","0","336.664","289.469","716","18","True"
"93","0","336.664","289.469","716","18","True"
"94","0","336.664","289.469","716","18","True"
"95","0","336.68","289.484","716","18","True"
"96","0","336.676","289.48","716","18","True"
"97","0","336.676","289.48","716","18","True"
"98","0","336.676","289.48","716","18","True"
"99","0","336.676","289.48","716","18","True"
"100","0","336.676","289.48","716","18","True"
"101","0","336.676","289.48","716","18","True"
"102","0","336.676","289.48","716","18","True"
"103","0","336.402","289.086","672","11","True"
"104","0","336.348","289.031","672","11","True"
"105","0","336.348","289.031","672","11","True"
"106","0","336.348","289.031","672","11","True"
"107","0","336.348","289.031","672","11","True"
"108","0","336.348","289.031","672","11","True"
"109","0","336.348","289.031","672","11","True"
"110","0","336.348","289.031","672","11","True"
"111","0","336.348","289.031","672","11","True"
"112","0","336.348","289.031","672","11","True"
"113","0","336.348","289.031","672","11","True"
"114","0","336.348","289.031","672","11","True"
"115","0","336.348","289.031","672","11","True"
"116","0","336.348","289.031","672","11","True"
"117","0","336.348","289.031","672","11","True"
"118","0","336.348","289.031","672","11","True"
"119","0","336.348","289.031","672","11","True"
"120","0","336.348","289.031","672","11","True"
"121","0","336.348","289.031","672","11","True"
"122","0","336.348","289.031","672","11","True"
"123","0","336.348","289.031","672","11","True"
"124","0","336.348","289.031","672","11","True"
"125","0","336.348","289.031","672","11","True"
"126","0","336.348","289.031","671","11","True"
"127","0","336.332","289.016","671","11","True"
"128","0","336.332","289.016","671","11","True"
"129","0","336.332","289.016","671","11","True"
"130","0","336.332","289.016","671","11","True"
"131","0","336.332","289.016","671","11","True"
"132","0","336.332","289.016","671","11","True"
"133","0","336.332","289.016","671","11","True"
"134","0","336.332","289.016","671","11","True"
"135","0","336.332","289.016","671","11","True"
"136","0","336.332","289.016","671","11","True"
"137","0","336.332","289.016","671","11","True"
"138","0","336.332","289.016","671","11","True"
"139","0","336.332","289.016","671","11","True"
"140","0","336.332","289.016","671","11","True"
"141","0","336.332","289.016","671","11","True"
"142","0","336.332","289.016","671","11","True"
"143","0","336.332","289.016","671","11","True"
"144","0","336.332","289.016","671","11","True"
"145","0","336.332","289.016","671","11","True"
"146","0","336.332","289.016","671","11","True"
"147","0","336.332","289.016","671","11","True"
"148","0","336.332","289.016","671","11","True"
"149","0","336.391","289.074","671","11","True"
"150","0","336.355","289.039","671","11","True"
"151","0","336.355","289.039","671","11","True"
"152","0","336.355","289.039","671","11","True"
"153","0","336.355","289.039","671","11","True"
"154","0","336.355","289.039","671","11","True"
"155","0.1292","336.375","289.074","671","12","True"
"156","0","336.375","289.074","671","12","True"
"157","0","336.375","289.074","671","12","True"
"158","0","336.375","289.074","671","12","True"
"159","0","336.375","289.074","671","12","True"
"160","0","336.375","289.074","671","12","True"
"161","0","336.375","289.074","671","12","True"
"162","0","336.375","289.074","671","12","True"
"163","0","336.375","289.074","671","12","True"
"164","0","336.359","289.043","671","11","True"
"165","0","336.355","289.039","671","11","True"
"166","0","336.355","289.039","671","11","True"
"167","0","336.355","289.039","671","11","True"
"168","0","336.355","289.039","671","11","True"
"169","0","336.332","288.992","664","10","True"
"170","0","336.324","288.984","664","10","True"
"171","0","336.324","288.984","664","10","True"
"172","0","336.324","288.984","664","10","True"
"173","0","336.324","288.984","664","10","True"
"174","0","336.324","288.984","664","10","True"
"175","0","336.324","288.984","664","10","True"
"176","0","336.324","288.984","664","10","True"
"177","0","336.324","288.984","664","10","True"
"178","0","336.324","288.984","664","10","True"
"179","0","336.324","288.984","664","10","True"
"180","0","336.324","288.984","664","10","True"
"181","0","336.324","288.984","664","10","True"
"182","0","336.324","288.984","664","10","True"
"183","0","336.324","288.984","664","10","True"
"184","0","336.324","288.984","664","10","True"
"185","0","336.324","288.984","664","10","True"
"186","0","336.324","288.984","664","10","True"
"187","0","336.324","288.984","664","10","True"
"188","0","336.324","288.984","664","10","True"
"189","0","336.324","288.984","664","10","True"
"190","0","336.324","288.984","664","10","True"
"191","0","336.324","288.984","664","10","True"
"192","0","336.324","288.984","664","10","True"
"193","0","336.324","288.984","664","10","True"
"194","0","336.324","288.984","664","10","True"
"195","0","336.324","288.984","664","10","True"
"196","0","336.324","288.984","664","10","True"
"197","0","336.324","288.984","664","10","True"
"198","0","336.324","288.984","664","10","True"
"199","0","336.324","288.984","664","10","True"
"200","0","336.324","288.984","664","10","True"
"201","0","336.324","288.984","664","10","True"
"202","0","336.34","289.016","664","11","True"
"203","0","336.34","289.016","664","11","True"
"204","0","336.34","289.016","664","11","True"
"205","0","336.34","289.016","664","11","True"
"206","0","336.34","289.016","664","11","True"
"207","0","336.34","289.016","664","11","True"
"208","0","336.375","289.051","664","11","True"
"209","0","336.324","288.984","664","10","True"
"210","0","336.324","288.984","664","10","True"
"211","0","336.324","288.984","664","10","True"
"212","0","336.324","288.984","664","10","True"
"213","0","336.324","288.984","664","10","True"
"214","0","336.324","288.984","664","10","True"
"215","0","336.324","288.984","664","10","True"
"216","0","336.324","288.984","664","10","True"
"217","0","336.312","288.953","660","9","True"
"218","0","336.289","288.93","660","9","True"
"219","0","336.289","288.93","660","9","True"
"220","0","336.289","288.93","660","9","True"
"221","0","336.289","288.93","660","9","True"
"222","0","336.289","288.93","660","9","True"
"223","0","336.289","288.93","660","9","True"
"224","0","336.289","288.93","660","9","True"
"225","0","336.289","288.93","660","9","True"
"226","0","336.289","288.93","660","9","True"
"227","0","336.289","288.93","660","9","True"
"228","0","336.289","288.93","660","9","True"
"229","0","336.289","288.93","660","9","True"
"230","0","336.289","288.93","660","9","True"
"231","0","336.289","288.93","660","9","True"
"232","0","336.289","288.93","660","9","True"
"233","0","336.289","288.93","660","9","True"
"234","0","336.289","288.93","660","9","True"
"235","0","336.289","288.93","660","9","True"
"236","0","336.289","288.93","660","9","True"
"237","0","336.289","288.93","660","9","True"
"238","0.1291","336.293","288.93","660","9","True"
"239","0","336.293","288.93","660","9","True"
"240","0","336.293","288.93","660","9","True"
"241","0","336.293","288.93","660","9","True"
"242","0","336.293","288.93","660","9","True"
"243","0","336.293","288.93","660","9","True"
"244","0","336.293","288.93","660","9","True"
"245","0","336.293","288.93","660","9","True"
"246","0","336.293","288.93","660","9","True"
"247","0","336.293","288.93","660","9","True"
"248","0","336.293","288.93","660","9","True"
"249","0","336.293","288.93","660","9","True"
"250","0","336.293","288.93","660","9","True"
"251","0","336.293","288.93","660","9","True"
"252","0","336.293","288.93","660","9","True"
"253","0","336.293","288.93","660","9","True"
"254","0","336.293","288.93","660","9","True"
"255","0","336.293","288.93","660","9","True"
"256","0","336.293","288.93","660","9","True"
"257","0","336.293","288.93","660","9","True"
"258","0","336.293","288.93","660","9","True"
"259","0","336.293","288.93","660","9","True"
"260","0","336.293","288.93","660","9","True"
"261","0","336.293","288.93","660","9","True"
"262","0","336.312","288.965","660","10","True"
"263","0","336.312","288.965","660","10","True"
"264","0","336.312","288.965","660","10","True"
"265","0","336.312","288.965","660","10","True"
"266","0","336.312","288.965","660","10","True"
"267","0.129","336.648","289.016","662","11","True"
"268","0.1291","336.645","289","664","10","True"
"269","0","336.645","289","664","10","True"
"270","0","336.645","289","664","10","True"
"271","0","336.645","289","664","10","True"
"272","0","336.645","289","664","10","True"
"273","0","336.645","289","664","10","True"
"274","0","336.645","289","664","10","True"
"275","0","336.645","289","664","10","True"
"276","0","336.645","289","664","10","True"
"277","0","336.645","289","664","10","True"
"278","0","336.645","289","664","10","True"
"279","0","336.645","289","664","10","True"
"280","0","336.645","289","664","10","True"
"281","0","336.645","289","664","10","True"
"282","0","336.645","289","664","10","True"
"283","0","336.645","289","664","10","True"
"284","0","336.645","289","664","10","True"
"285","0","336.645","289","664","10","True"
"286","0","336.645","289","664","10","True"
"287","0","336.645","289","664","10","True"
"288","0","336.645","289","664","10","True"
"289","0","336.645","289","664","10","True"
"290","0","336.645","289","664","10","True"
"291","0","336.645","289","664","10","True"
"292","0","336.645","289","664","10","True"
"293","0","336.645","289","664","10","True"
"294","0","336.645","289","664","10","True"
"295","0","336.645","289","664","10","True"
"296","0","336.645","289","664","10","True"
"297","0","336.645","289","664","10","True"
"298","0","336.645","289","664","10","True"
"299","0","336.645","289","664","10","True"
"300","0","336.645","289","664","10","True"
